Rollout_Number,Name,Status,Library_Segment,Word_Count,Characters,Output_Path,Result,Generated_At
1.0,COR-EDU-001,Active,CORE,75.0,493,/home/moore/b10_corpus/b10_practice_platform/audio/core_full/COR-EDU-001.mp3,OK,2026-06-20T15:48:25
2.0,COR-SCI-010,Active,CORE,84.0,521,/home/moore/b10_corpus/b10_practice_platform/audio/core_full/COR-SCI-010.mp3,OK,2026-06-20T15:48:31
3.0,COR-WRK-007,Active,CORE,70.0,399,/home/moore/b10_corpus/b10_practice_platform/audio/core_full/COR-WRK-007.mp3,OK,2026-06-20T15:48:36
4.0,COR-SCI-002,Active,CORE,70.0,492,/home/moore/b10_corpus/b10_practice_platform/audio/core_full/COR-SCI-002.mp3,OK,2026-06-20T15:48:41
5.0,COR-EDU-006,Active,CORE,73.0,505,/home/moore/b10_corpus/b10_practice_platform/audio/core_full/COR-EDU-006.mp3,OK,2026-06-20T15:48:46
6.0,COR-ECN-002,Active,CORE,70.0,431,/home/moore/b10_corpus/b10_practice_platform/audio/core_full/COR-ECN-002.mp3,OK,2026-06-20T15:48:51
7.0,COR-WRK-003,Active,CORE,70.0,443,/home/moore/b10_corpus/b10_practice_platform/audio/core_full/COR-WRK-003.mp3,OK,2026-06-20T15:48:56
8.0,COR-SCI-013,Active,CORE,70.0,490,/home/moore/b10_corpus/b10_practice_platform/audio/core_full/COR-SCI-013.mp3,OK,2026-06-20T15:49:02
9.0,COR-EDU-015,Active,CORE,72.0,533,/home/moore/b10_corpus/b10_practice_platform/audio/core_full/COR-EDU-015.mp3,OK,2026-06-20T15:49:08
10.0,COR-ECN-010,Active,CORE,73.0,503,/home/moore/b10_corpus/b10_practice_platform/audio/core_full/COR-ECN-010.mp3,OK,2026-06-20T15:49:14
11.0,COR-HLT-005,Active,CORE,71.0,538,/home/moore/b10_corpus/b10_practice_platform/audio/core_full/COR-HLT-005.mp3,OK,2026-06-20T15:49:20
12.0,COR-HLT-002,Active,CORE,75.0,526,/home/moore/b10_corpus/b10_practice_platform/audio/core_full/COR-HLT-002.mp3,OK,2026-06-20T15:49:27
13.0,COR-ENV-008,Active,CORE,78.0,552,/home/moore/b10_corpus/b10_practice_platform/audio/core_full/COR-ENV-008.mp3,OK,2026-06-20T15:49:33
14.0,COR-BIO-008,Active,CORE,76.0,462,/home/moore/b10_corpus/b10_practice_platform/audio/core_full/COR-BIO-008.mp3,OK,2026-06-20T15:49:38
15.0,COR-HLT-012,Active,CORE,76.0,580,/home/moore/b10_corpus/b10_practice_platform/audio/core_full/COR-HLT-012.mp3,OK,2026-06-20T15:49:45
16.0,COR-ENV-001,Active,CORE,73.0,492,/home/moore/b10_corpus/b10_practice_platform/audio/core_full/COR-ENV-001.mp3,OK,2026-06-20T15:49:50
17.0,COR-ENV-015,Active,CORE,76.0,544,/home/moore/b10_corpus/b10_practice_platform/audio/core_full/COR-ENV-015.mp3,OK,2026-06-20T15:49:56
18.0,COR-HLT-009,Active,CORE,82.0,575,/home/moore/b10_corpus/b10_practice_platform/audio/core_full/COR-HLT-009.mp3,OK,2026-06-20T15:50:03
19.0,COR-HLT-022,Active,CORE,77.0,518,/home/moore/b10_corpus/b10_practice_platform/audio/core_full/COR-HLT-022.mp3,OK,2026-06-20T15:50:09
20.0,COR-BIO-011,Active,CORE,78.0,502,/home/moore/b10_corpus/b10_practice_platform/audio/core_full/COR-BIO-011.mp3,OK,2026-06-20T15:50:14
21.0,COR-GOV-003,Active,CORE,76.0,554,/home/moore/b10_corpus/b10_practice_platform/audio/core_full/COR-GOV-003.mp3,OK,2026-06-20T15:50:20
22.0,COR-SOC-008,Active,CORE,77.0,539,/home/moore/b10_corpus/b10_practice_platform/audio/core_full/COR-SOC-008.mp3,OK,2026-06-20T15:50:27
23.0,COR-JUS-008,Active,CORE,70.0,524,/home/moore/b10_corpus/b10_practice_platform/audio/core_full/COR-JUS-008.mp3,OK,2026-06-20T15:50:33
24.0,COR-SOC-003,Active,CORE,72.0,456,/home/moore/b10_corpus/b10_practice_platform/audio/core_full/COR-SOC-003.mp3,OK,2026-06-20T15:50:38
25.0,COR-INT-004,Active,CORE,77.0,490,/home/moore/b10_corpus/b10_practice_platform/audio/core_full/COR-INT-004.mp3,OK,2026-06-20T15:50:43
26.0,COR-ECN-003,Active,CORE,75.0,558,/home/moore/b10_corpus/b10_practice_platform/audio/core_full/COR-ECN-003.mp3,OK,2026-06-20T15:50:50
27.0,COR-GOV-012,Active,CORE,81.0,586,/home/moore/b10_corpus/b10_practice_platform/audio/core_full/COR-GOV-012.mp3,OK,2026-06-20T15:50:57
28.0,COR-SOC-007,Active,CORE,83.0,560,/home/moore/b10_corpus/b10_practice_platform/audio/core_full/COR-SOC-007.mp3,OK,2026-06-20T15:51:04
29.0,COR-JUS-003,Active,CORE,77.0,505,/home/moore/b10_corpus/b10_practice_platform/audio/core_full/COR-JUS-003.mp3,OK,2026-06-20T15:51:09
30.0,COR-SOC-005,Active,CORE,86.0,574,/home/moore/b10_corpus/b10_practice_platform/audio/core_full/COR-SOC-005.mp3,OK,2026-06-20T15:51:15
31.0,COR-TEC-003,Active,CORE,72.0,526,/home/moore/b10_corpus/b10_practice_platform/audio/core_full/COR-TEC-003.mp3,OK,2026-06-20T15:51:22
32.0,COR-TEC-006,Active,CORE,73.0,489,/home/moore/b10_corpus/b10_practice_platform/audio/core_full/COR-TEC-006.mp3,OK,2026-06-20T15:51:27
33.0,COR-TEC-012,Active,CORE,70.0,534,/home/moore/b10_corpus/b10_practice_platform/audio/core_full/COR-TEC-012.mp3,OK,2026-06-20T15:51:34
34.0,COR-PHY-003,Active,CORE,70.0,487,/home/moore/b10_corpus/b10_practice_platform/audio/core_full/COR-PHY-003.mp3,OK,2026-06-20T15:51:39
35.0,COR-ECN-008,Active,CORE,70.0,491,/home/moore/b10_corpus/b10_practice_platform/audio/core_full/COR-ECN-008.mp3,OK,2026-06-20T15:51:44
36.0,COR-TEC-007,Active,CORE,70.0,478,/home/moore/b10_corpus/b10_practice_platform/audio/core_full/COR-TEC-007.mp3,OK,2026-06-20T15:51:49
37.0,COR-TEC-018,Active,CORE,70.0,535,/home/moore/b10_corpus/b10_practice_platform/audio/core_full/COR-TEC-018.mp3,OK,2026-06-20T15:51:56
38.0,COR-PHY-006,Active,CORE,70.0,515,/home/moore/b10_corpus/b10_practice_platform/audio/core_full/COR-PHY-006.mp3,OK,2026-06-20T15:52:02
39.0,COR-TEC-025,Active,CORE,85.0,634,/home/moore/b10_corpus/b10_practice_platform/audio/core_full/COR-TEC-025.mp3,OK,2026-06-20T15:52:09
40.0,COR-TEC-009,Active,CORE,73.0,511,/home/moore/b10_corpus/b10_practice_platform/audio/core_full/COR-TEC-009.mp3,OK,2026-06-20T15:52:14
41.0,COR-EDU-003,Active,CORE,81.0,613,/home/moore/b10_corpus/b10_practice_platform/audio/core_full/COR-EDU-003.mp3,OK,2026-06-20T15:52:21
42.0,COR-BIO-001,Active,CORE,81.0,613,/home/moore/b10_corpus/b10_practice_platform/audio/core_full/COR-BIO-001.mp3,OK,2026-06-20T15:52:28
43.0,COR-HLT-008,Active,CORE,73.0,569,/home/moore/b10_corpus/b10_practice_platform/audio/core_full/COR-HLT-008.mp3,OK,2026-06-20T15:52:35
44.0,COR-SCI-004,Active,CORE,74.0,586,/home/moore/b10_corpus/b10_practice_platform/audio/core_full/COR-SCI-004.mp3,OK,2026-06-20T15:52:41
45.0,COR-GOV-008,Active,CORE,72.0,509,/home/moore/b10_corpus/b10_practice_platform/audio/core_full/COR-GOV-008.mp3,OK,2026-06-20T15:52:48
46.0,COR-ENV-006,Active,CORE,74.0,538,/home/moore/b10_corpus/b10_practice_platform/audio/core_full/COR-ENV-006.mp3,OK,2026-06-20T15:52:54
47.0,COR-TEC-008,Active,CORE,82.0,598,/home/moore/b10_corpus/b10_practice_platform/audio/core_full/COR-TEC-008.mp3,OK,2026-06-20T15:53:01
48.0,COR-ECN-006,Active,CORE,76.0,564,/home/moore/b10_corpus/b10_practice_platform/audio/core_full/COR-ECN-006.mp3,OK,2026-06-20T15:53:08
49.0,COR-CUL-005,Active,CORE,74.0,573,/home/moore/b10_corpus/b10_practice_platform/audio/core_full/COR-CUL-005.mp3,OK,2026-06-20T15:53:14
50.0,COR-SOC-001,Active,CORE,78.0,520,/home/moore/b10_corpus/b10_practice_platform/audio/core_full/COR-SOC-001.mp3,OK,2026-06-20T15:53:19
51.0,COR-WRK-012,Active,CORE,75.0,556,/home/moore/b10_corpus/b10_practice_platform/audio/core_full/COR-WRK-012.mp3,OK,2026-06-20T15:53:26
52.0,COR-HLT-004,Active,CORE,72.0,503,/home/moore/b10_corpus/b10_practice_platform/audio/core_full/COR-HLT-004.mp3,OK,2026-06-20T15:53:31
53.0,COR-ENV-003,Active,CORE,72.0,537,/home/moore/b10_corpus/b10_practice_platform/audio/core_full/COR-ENV-003.mp3,OK,2026-06-20T15:53:37
54.0,COR-TEC-011,Active,CORE,74.0,553,/home/moore/b10_corpus/b10_practice_platform/audio/core_full/COR-TEC-011.mp3,OK,2026-06-20T15:53:43
55.0,COR-INT-006,Active,CORE,74.0,511,/home/moore/b10_corpus/b10_practice_platform/audio/core_full/COR-INT-006.mp3,OK,2026-06-20T15:53:49
56.0,COR-SCI-008,Active,CORE,80.0,552,/home/moore/b10_corpus/b10_practice_platform/audio/core_full/COR-SCI-008.mp3,OK,2026-06-20T15:53:55
57.0,COR-INT-008,Active,CORE,70.0,540,/home/moore/b10_corpus/b10_practice_platform/audio/core_full/COR-INT-008.mp3,OK,2026-06-20T15:54:01
58.0,COR-PHY-007,Active,CORE,79.0,573,/home/moore/b10_corpus/b10_practice_platform/audio/core_full/COR-PHY-007.mp3,OK,2026-06-20T15:54:08
59.0,COR-HLT-018,Active,CORE,75.0,553,/home/moore/b10_corpus/b10_practice_platform/audio/core_full/COR-HLT-018.mp3,OK,2026-06-20T15:54:14
60.0,COR-BIO-007 (1),Active,CORE,72.0,515,/home/moore/b10_corpus/b10_practice_platform/audio/core_full/COR-BIO-007 (1).mp3,OK,2026-06-20T15:54:20
61.0,COR-EDU-012,Active,CORE,78.0,599,/home/moore/b10_corpus/b10_practice_platform/audio/core_full/COR-EDU-012.mp3,OK,2026-06-20T15:54:26
62.0,COR-SCI-006,Active,CORE,72.0,515,/home/moore/b10_corpus/b10_practice_platform/audio/core_full/COR-SCI-006.mp3,OK,2026-06-20T15:54:32
63.0,COR- HLT-025,Active,CORE,84.0,656,/home/moore/b10_corpus/b10_practice_platform/audio/core_full/COR- HLT-025.mp3,OK,2026-06-20T15:54:39
64.0,COR-ENV-013,Active,CORE,78.0,611,/home/moore/b10_corpus/b10_practice_platform/audio/core_full/COR-ENV-013.mp3,OK,2026-06-20T15:54:46
65.0,COR-GOV-018,Active,CORE,75.0,635,/home/moore/b10_corpus/b10_practice_platform/audio/core_full/COR-GOV-018.mp3,OK,2026-06-20T15:54:53
66.0,COR-ECN-005,Active,CORE,81.0,614,/home/moore/b10_corpus/b10_practice_platform/audio/core_full/COR-ECN-005.mp3,OK,2026-06-20T15:54:59
67.0,COR-TEC-022,Active,CORE,79.0,606,/home/moore/b10_corpus/b10_practice_platform/audio/core_full/COR-TEC-022.mp3,OK,2026-06-20T15:55:06
68.0,COR-BIO-006,Active,CORE,74.0,559,/home/moore/b10_corpus/b10_practice_platform/audio/core_full/COR-BIO-006.mp3,OK,2026-06-20T15:55:13
69.0,COR-SOC-010,Active,CORE,85.0,608,/home/moore/b10_corpus/b10_practice_platform/audio/core_full/COR-SOC-010.mp3,OK,2026-06-20T15:55:20
70.0,COR-HLT-006,Active,CORE,73.0,519,/home/moore/b10_corpus/b10_practice_platform/audio/core_full/COR-HLT-006.mp3,OK,2026-06-20T15:55:25
71.0,COR-EDU-005,Active,CORE,71.0,553,/home/moore/b10_corpus/b10_practice_platform/audio/core_full/COR-EDU-005.mp3,OK,2026-06-20T15:55:32
72.0,COR-SCI-003,Active,CORE,78.0,640,/home/moore/b10_corpus/b10_practice_platform/audio/core_full/COR-SCI-003.mp3,OK,2026-06-20T15:55:39
73.0,COR-WRK-008,Active,CORE,78.0,517,/home/moore/b10_corpus/b10_practice_platform/audio/core_full/COR-WRK-008.mp3,OK,2026-06-20T15:55:44
74.0,COR-ECN-009,Active,CORE,83.0,656,/home/moore/b10_corpus/b10_practice_platform/audio/core_full/COR-ECN-009.mp3,OK,2026-06-20T15:55:51
75.0,COR-EDU-018,Active,CORE,70.0,536,/home/moore/b10_corpus/b10_practice_platform/audio/core_full/COR-EDU-018.mp3,OK,2026-06-20T15:55:58
76.0,COR-SCI-009,Active,CORE,72.0,553,/home/moore/b10_corpus/b10_practice_platform/audio/core_full/COR-SCI-009.mp3,OK,2026-06-20T15:56:04
77.0,COR-WRK-015,Active,CORE,78.0,559,/home/moore/b10_corpus/b10_practice_platform/audio/core_full/COR-WRK-015.mp3,OK,2026-06-20T15:56:11
78.0,COR-ECN-015,Active,CORE,82.0,636,/home/moore/b10_corpus/b10_practice_platform/audio/core_full/COR-ECN-015.mp3,OK,2026-06-20T15:56:18
79.0,COR-EDU-022,Active,CORE,74.0,563,/home/moore/b10_corpus/b10_practice_platform/audio/core_full/COR-EDU-022.mp3,OK,2026-06-20T15:56:24
80.0,COR-SCI-014,Active,CORE,75.0,545,/home/moore/b10_corpus/b10_practice_platform/audio/core_full/COR-SCI-014.mp3,OK,2026-06-20T15:56:31
81.0,COR-HLT-015,Active,CORE,74.0,610,/home/moore/b10_corpus/b10_practice_platform/audio/core_full/COR-HLT-015.mp3,OK,2026-06-20T15:56:37
82.0,COR-HLT-010,Active,CORE,72.0,542,/home/moore/b10_corpus/b10_practice_platform/audio/core_full/COR-HLT-010.mp3,OK,2026-06-20T15:56:44
83.0,COR-ENV-012,Active,CORE,83.0,675,/home/moore/b10_corpus/b10_practice_platform/audio/core_full/COR-ENV-012.mp3,OK,2026-06-20T15:56:51
84.0,COR-BIO-002,Active,CORE,77.0,659,/home/moore/b10_corpus/b10_practice_platform/audio/core_full/COR-BIO-002.mp3,OK,2026-06-20T15:56:58
85.0,COR-HLT-028,Active,CORE,76.0,579,/home/moore/b10_corpus/b10_practice_platform/audio/core_full/COR-HLT-028.mp3,OK,2026-06-20T15:57:05
86.0,COR-ENV-007,Active,CORE,75.0,540,/home/moore/b10_corpus/b10_practice_platform/audio/core_full/COR-ENV-007.mp3,OK,2026-06-20T15:57:11
87.0,COR-ENV-018,Active,CORE,72.0,558,/home/moore/b10_corpus/b10_practice_platform/audio/core_full/COR-ENV-018.mp3,OK,2026-06-20T15:57:17
88.0,COR-HLT-003,Active,CORE,73.0,507,/home/moore/b10_corpus/b10_practice_platform/audio/core_full/COR-HLT-003.mp3,OK,2026-06-20T15:57:22
89.0,COR-HLT-032,Active,CORE,74.0,561,/home/moore/b10_corpus/b10_practice_platform/audio/core_full/COR-HLT-032.mp3,OK,2026-06-20T15:57:29
90.0,COR-BIO-003,Active,CORE,78.0,638,/home/moore/b10_corpus/b10_practice_platform/audio/core_full/COR-BIO-003.mp3,OK,2026-06-20T15:57:36
91.0,COR-GOV-015,Active,CORE,74.0,576,/home/moore/b10_corpus/b10_practice_platform/audio/core_full/COR-GOV-015.mp3,OK,2026-06-20T15:57:42
92.0,COR-SOC-002,Active,CORE,72.0,566,/home/moore/b10_corpus/b10_practice_platform/audio/core_full/COR-SOC-002.mp3,OK,2026-06-20T15:57:49
93.0,COR-JUS-005,Active,CORE,71.0,558,/home/moore/b10_corpus/b10_practice_platform/audio/core_full/COR-JUS-005.mp3,OK,2026-06-20T15:57:55
94.0,COR-ECN-001,Active,CORE,75.0,556,/home/moore/b10_corpus/b10_practice_platform/audio/core_full/COR-ECN-001.mp3,OK,2026-06-20T15:58:01
95.0,COR-INT-012,Active,CORE,71.0,533,/home/moore/b10_corpus/b10_practice_platform/audio/core_full/COR-INT-012.mp3,OK,2026-06-20T15:58:08
96.0,COR-SOC-006,Active,CORE,70.0,568,/home/moore/b10_corpus/b10_practice_platform/audio/core_full/COR-SOC-006.mp3,OK,2026-06-20T15:58:14
97.0,COR-GOV-022,Active,CORE,70.0,554,/home/moore/b10_corpus/b10_practice_platform/audio/core_full/COR-GOV-022.mp3,OK,2026-06-20T15:58:20
98.0,COR-SOC-012,Active,CORE,73.0,583,/home/moore/b10_corpus/b10_practice_platform/audio/core_full/COR-SOC-012.mp3,OK,2026-06-20T15:58:27
99.0,COR-JUS-015,Active,CORE,78.0,595,/home/moore/b10_corpus/b10_practice_platform/audio/core_full/COR-JUS-015.mp3,OK,2026-06-20T15:58:34
100.0,COR-SOC-009,Active,CORE,77.0,593,/home/moore/b10_corpus/b10_practice_platform/audio/core_full/COR-SOC-009.mp3,OK,2026-06-20T15:58:41
101.0,COR-TEC-015,Active,CORE,72.0,527,/home/moore/b10_corpus/b10_practice_platform/audio/core_full/COR-TEC-015.mp3,OK,2026-06-20T15:58:47
102.0,COR-TEC-002,Active,CORE,77.0,593,/home/moore/b10_corpus/b10_practice_platform/audio/core_full/COR-TEC-002.mp3,OK,2026-06-20T15:58:54
103.0,COR-ECN-012,Active,CORE,73.0,540,/home/moore/b10_corpus/b10_practice_platform/audio/core_full/COR-ECN-012.mp3,OK,2026-06-20T15:59:00
104.0,COR-PHY-001,Active,CORE,76.0,606,/home/moore/b10_corpus/b10_practice_platform/audio/core_full/COR-PHY-001.mp3,OK,2026-06-20T15:59:07
105.0,COR-TEC-028,Active,CORE,73.0,549,/home/moore/b10_corpus/b10_practice_platform/audio/core_full/COR-TEC-028.mp3,OK,2026-06-20T15:59:13
106.0,COR-TEC-010,Active,CORE,82.0,611,/home/moore/b10_corpus/b10_practice_platform/audio/core_full/COR-TEC-010.mp3,OK,2026-06-20T15:59:20
107.0,COR-TEC-032 (1),Active,CORE,81.0,641,/home/moore/b10_corpus/b10_practice_platform/audio/core_full/COR-TEC-032 (1).mp3,OK,2026-06-20T15:59:27
108.0,COR-PHY-012,Active,CORE,72.0,523,/home/moore/b10_corpus/b10_practice_platform/audio/core_full/COR-PHY-012.mp3,OK,2026-06-20T15:59:33
109.0,COR-ECN-018,Active,CORE,70.0,524,/home/moore/b10_corpus/b10_practice_platform/audio/core_full/COR-ECN-018.mp3,OK,2026-06-20T15:59:39
110.0,COR-TEC-014,Active,CORE,76.0,525,/home/moore/b10_corpus/b10_practice_platform/audio/core_full/COR-TEC-014.mp3,OK,2026-06-20T15:59:45
111.0,COR-EDU-025,Active,CORE,71.0,541,/home/moore/b10_corpus/b10_practice_platform/audio/core_full/COR-EDU-025.mp3,OK,2026-06-20T15:59:52
112.0,COR-BIO-013,Active,CORE,85.0,668,/home/moore/b10_corpus/b10_practice_platform/audio/core_full/COR-BIO-013.mp3,OK,2026-06-20T15:59:59
113.0,COR-HLT-020,Active,CORE,82.0,642,/home/moore/b10_corpus/b10_practice_platform/audio/core_full/COR-HLT-020.mp3,OK,2026-06-20T16:00:06
114.0,COR-SCI-007,Active,CORE,76.0,560,/home/moore/b10_corpus/b10_practice_platform/audio/core_full/COR-SCI-007.mp3,OK,2026-06-20T16:00:12
115.0,COR-GOV-025,Active,CORE,78.0,615,/home/moore/b10_corpus/b10_practice_platform/audio/core_full/COR-GOV-025.mp3,OK,2026-06-20T16:00:19
116.0,COR-ENV-002,Active,CORE,73.0,515,/home/moore/b10_corpus/b10_practice_platform/audio/core_full/COR-ENV-002.mp3,OK,2026-06-20T16:00:24
117.0,COR-TEC-035,Active,CORE,70.0,514,/home/moore/b10_corpus/b10_practice_platform/audio/core_full/COR-TEC-035.mp3,OK,2026-06-20T16:00:30
118.0,COR-ECN-004,Active,CORE,71.0,530,/home/moore/b10_corpus/b10_practice_platform/audio/core_full/COR-ECN-004.mp3,OK,2026-06-20T16:00:36
119.0,COR-CUL-012,Active,CORE,78.0,630,/home/moore/b10_corpus/b10_practice_platform/audio/core_full/COR-CUL-012.mp3,OK,2026-06-20T16:00:43
120.0,COR-PHY-015,Active,CORE,76.0,539,/home/moore/b10_corpus/b10_practice_platform/audio/core_full/COR-PHY-015.mp3,OK,2026-06-20T16:00:49
